0.0613592,0
0.122718,0
0.181623,0
0.240528,0
0.299433,0
0.358338,0
0.417243,0
0.476148,0
0.535052,0
0.593957,0
0.652862,0
0.711767,0
0.770672,0
0.832031,0
0.89339,0
0.95475,0
1.01856,0
1.07992,0
1.14374,0
1.20755,0
1.26891,0
1.33272,0
1.39408,0
1.4579,0
1.52171,0
1.58307,0
1.64688,0
1.71069,0
1.77696,0
1.83832,0
1.90214,0
1.96595,0
2.02976,0
2.09358,0
2.15494,0
2.21875,0
2.28256,0
2.34638,0
2.41264,0
2.47646,0
2.54027,0
2.60654,0
2.67035,0
2.73417,0
2.79798,0
2.86179,-0.000794313
2.92561,-0.000794313
2.99188,-0.000794313
3.05814,-0.000794313
3.12196,-0.000794313
3.18577,-0.000794313
3.25449,-0.000794313
3.31831,-0.000794313
3.38457,-0.000794313
3.45084,-0.000794313
3.51711,-0.000794313
3.58338,-0.000794313
3.64965,-0.000794313
3.71591,-0.000794313
3.77973,-0.000794313
3.846,-0.000794313
3.91226,-0.000794313
3.97608,-0.000794313
4.03989,-0.000794313
4.10616,-0.000794313
4.16997,-0.000794313
4.23624,-0.000794313
4.30005,-0.000794313
4.36387,-0.000794313
4.42768,-0.000794313
4.49395,-0.000794313
4.56022,-0.000794313
4.62403,-0.00113382
4.68784,-0.00113382
4.75411,-0.00113382
4.82038,-0.00113382
4.88419,-0.00113382
4.95046,-0.00113382
5.01673,-0.00113382
5.08054,-0.00113382
5.14436,-0.00113382
5.21062,-0.00113382
5.27689,-0.00113382
5.34071,-0.00113382
5.40452,-0.00113382
5.46833,-0.00113382
5.53215,-0.00113382
5.60087,-0.00113382
5.66468,-0.00113382
5.73095,-0.00113382
5.79722,-0.00113382
5.86103,-0.00113382
5.92485,-0.00113382
5.98866,-0.00113382
6.05002,-0.0014463
6.11138,-0.0014463
6.17519,-0.0014463
6.23655,-0.0014463
6.29791,-0.0014463
6.36172,-0.0014463
6.42554,-0.0014463
6.48935,-0.0014463
6.55071,-0.0014463
6.61452,-0.0014463
6.67834,-0.0014463
6.7397,-0.0014463
6.80351,-0.0014463
6.86732,-0.0014463
6.92868,-0.0014463
6.99004,-0.0014463
7.0514,-0.00180826
7.11276,-0.00180826
7.17658,-0.00180826
7.23793,-0.00180826
7.30175,-0.00180826
7.36311,-0.00180826
7.42692,-0.00180826
7.49073,-0.00180826
7.55455,-0.00180826
7.61836,-0.00180826
7.68218,-0.00212159
7.74599,-0.00212159
7.8098,-0.00212159
7.87362,-0.00212159
7.93743,-0.00212159
8.00124,-0.00212159
8.06506,-0.00212159
8.12887,-0.00212159
8.19269,-0.00212159
8.2565,-0.00212159
8.32031,-0.00212159
8.38658,-0.00212159
8.45285,-0.00245796
8.51666,-0.00245796
8.58047,-0.00245796
8.64429,-0.00245796
8.7081,-0.00245796
8.77437,-0.00245796
8.84064,-0.00245796
8.90445,-0.00245796
8.96826,-0.00245796
9.03453,-0.00245796
9.1008,-0.00245796
9.16707,-0.00245796
9.23334,-0.00431501
9.29961,-0.00431501
9.36587,-0.00431501
9.42969,-0.00431501
9.49841,-0.00431501
9.56468,-0.00431501
9.63094,-0.00431501
9.69721,-0.00431501
9.76348,-0.00431501
9.8322,-0.00476778
9.89847,-0.00476778
9.96474,-0.00476778
10.0335,-0.00476778
10.1022,-0.00476778
10.1709,-0.00476778
10.2396,-0.00476778
10.3059,-0.00476778
10.3722,-0.00538693
10.4409,-0.00538693
10.5047,-0.00538693
10.5734,-0.00538693
10.6372,-0.00538693
10.706,-0.00538693
10.7747,-0.00538693
10.841,-0.00538693
10.9097,-0.00538693
10.9808,-0.00671854
11.0496,-0.00671854
11.1183,-0.00671854
11.187,-0.00671854
11.2557,-0.00671854
11.3245,-0.00671854
11.3932,-0.00671854
11.4595,-0.00671854
11.5257,-0.00671854
11.5944,-0.00671854
11.6632,-0.00767838
11.7294,-0.00767838
11.7981,-0.00767838
11.8669,-0.00767838
11.9331,-0.00767838
12.0019,-0.00767838
12.0681,-0.00767838
12.1344,-0.00767838
12.2056,-0.00767838
12.2743,-0.00767838
12.343,-0.00767838
12.4093,-0.00820865
12.478,-0.00820865
12.5467,-0.00820865
12.6154,-0.00820865
12.6866,-0.00820865
12.7578,-0.00820865
12.8265,-0.00820865
12.8952,-0.00820865
12.9664,-0.00867806
13.0376,-0.00867806
13.1063,-0.00867806
13.175,-0.00867806
13.2438,-0.00867806
13.3149,-0.00867806
13.3837,-0.00977788
13.4524,-0.00977788
13.5236,-0.00977788
13.5923,-0.00977788
13.6635,-0.00977788
13.7346,-0.0102471
13.8034,-0.0102471
13.8721,-0.0102471
13.9408,-0.0102471
14.0144,-0.0102471
14.0832,-0.0102471
14.1543,-0.0113863
14.2255,-0.0113863
14.2967,-0.0113863
14.3654,-0.0113863
14.4366,-0.0113863
14.5053,-0.0120287
14.5765,-0.0120287
14.6477,-0.0120287
14.7164,-0.0120287
14.7876,-0.0120287
14.8587,-0.0120287
14.9275,-0.0120287
14.9986,-0.0124959
15.0673,-0.0124959
15.1361,-0.0124959
15.2072,-0.0124959
15.276,-0.0124959
15.3447,-0.0124959
15.4134,-0.0124959
15.4821,-0.013045
15.5558,-0.013045
15.6269,-0.013045
15.6981,-0.013045
15.7693,-0.013045
15.8405,-0.013045
15.9092,-0.013045
15.9804,-0.0137668
16.0515,-0.0137668
16.1203,-0.0137668
16.189,-0.0137668
16.2602,-0.0137668
16.3338,-0.0137668
16.405,-0.0137668
16.4762,-0.0137668
16.5473,-0.014265
16.621,-0.014265
16.6921,-0.014265
16.7633,-0.014265
16.832,-0.014265
16.8983,-0.0145401
16.967,-0.0145401
17.0333,-0.0145401
17.0996,-0.0145401
17.1658,-0.0145401
17.2321,-0.0148628
17.2984,-0.0148628
17.3671,-0.0148628
17.4358,-0.0148628
17.5045,-0.0152908
17.5732,-0.0152908
17.6395,-0.0152908
17.7058,-0.0152908
17.7745,-0.0156557
17.8408,-0.0156557
17.907,-0.0156557
17.9733,-0.0156557
18.0396,-0.0156557
18.1083,-0.0156557
18.1746,-0.0167174
18.2433,-0.0167174
18.3096,-0.0167174
18.3783,-0.0167174
18.4446,-0.0167174
18.5108,-0.0167174
18.5771,-0.017055
18.6434,-0.017055
18.7072,-0.017055
18.771,-0.017055
18.8323,-0.017055
18.8937,-0.0180371
18.9575,-0.0180371
19.0189,-0.0180371
19.0802,-0.0180371
19.1416,-0.0182752
19.2029,-0.0182752
19.2668,-0.0182752
19.3281,-0.0182752
19.3895,-0.0182752
19.4484,-0.0182752
19.5098,-0.0199943
19.5711,-0.0199943
19.6325,-0.0199943
19.6914,-0.0199943
19.7527,-0.0199943
19.8116,-0.0199943
19.8705,-0.0199943
19.9295,-0.0199943
19.9908,-0.0203765
20.0522,-0.0203765
20.1111,-0.0203765
20.17,-0.0203765
20.2289,-0.0207224
20.2902,-0.0207224
20.3492,-0.0207224
20.4081,-0.0207224
20.4645,-0.0207224
20.5234,-0.0207224
20.5823,-0.0212345
20.6412,-0.0212345
20.7001,-0.0212345
20.759,-0.0212345
20.8179,-0.0212345
20.8768,-0.0212345
20.9357,-0.0212345
20.9946,-0.0217054
21.0536,-0.0217054
21.11,-0.0217054
21.1665,-0.0217054
21.2254,-0.0217054
21.2818,-0.0221004
21.3383,-0.0221004
21.3947,-0.0221004
21.4512,-0.0221004
21.5052,-0.0221004
21.5592,-0.0231035
21.6156,-0.0231035
21.6721,-0.0231035
21.7678,-0.0238769
21.785,-0.0238769
21.839,-0.0238769
21.893,-0.0238769
21.942,-0.0243751
21.9936,-0.0243751
22.0451,-0.0243751
22.0991,-0.0243751
22.1482,-0.0246993
22.2022,-0.0246993
22.2513,-0.0246993
22.3028,-0.0250026
22.3544,-0.0250026
22.4035,-0.0250026
22.455,-0.0252639
22.5065,-0.0252639
22.5556,-0.0252639
22.6047,-0.0252639
22.6562,-0.0252639
22.7053,-0.0252639
22.7544,-0.0259514
22.8011,-0.0259514
22.8501,-0.0259514
22.8992,-0.0259514
22.9483,-0.0263737
22.9974,-0.0263737
23.0465,-0.0263737
23.0956,-0.0263737
23.1447,-0.0266358
23.1913,-0.0267147
23.2379,-0.0268178
23.2846,-0.0269147
23.3312,-0.0269147
23.3778,-0.0270332
23.4245,-0.02715
23.4686,-0.0272825
23.5153,-0.0274384
23.5619,-0.027608
23.6061,-0.0277957
23.6527,-0.0280076
23.6993,-0.0282455
23.7435,-0.0284893
23.7902,-0.028773
23.8368,-0.0290626
23.881,-0.0293569
23.9276,-0.0296865
23.9742,-0.0300314
24.0184,-0.0303778
24.065,-0.0307575
24.1117,-0.0311678
24.1558,-0.0315747
24.2,-0.0320085
24.2466,-0.0324858
24.2933,-0.0329542
24.3399,-0.0333908
24.3914,-0.0338403
24.4405,-0.0342546
24.4896,-0.0346338
24.5387,-0.0350294
24.5878,-0.0354245
24.6344,-0.0357975
24.6835,-0.0362249
24.735,-0.0366533
24.7841,-0.0370733
24.8307,-0.0374814
24.8798,-0.0379248
24.9289,-0.0383872
24.978,-0.0388652
25.0295,-0.0393731
25.0811,-0.0398901
25.1326,-0.0404265
25.1866,-0.0409893
25.2381,-0.0415435
25.2897,-0.0421018
25.3437,-0.0427053
25.3976,-0.0433138
25.4467,-0.0438887
25.5007,-0.0445298
25.5498,-0.0450885
25.6038,-0.0456908
25.6553,-0.0462443
25.7093,-0.0467734
25.7609,-0.0472479
25.8149,-0.0477172
25.8688,-0.0481517
25.9228,-0.0485629
25.9793,-0.0489749
26.0308,-0.0493274
26.0848,-0.049706
26.1388,-0.0500883
26.1928,-0.0504572
26.2468,-0.0507094
26.3008,-0.0510693
26.3548,-0.0514307
26.4112,-0.0518063
26.4652,-0.0518063
26.5192,-0.0519907
26.5757,-0.052369
26.6297,-0.0527298
26.6837,-0.0531135
26.7401,-0.0535811
26.7941,-0.0539669
26.8481,-0.0543329
26.9021,-0.0547055
26.9585,-0.0551066
27.0125,-0.055501
27.0665,-0.0558959
27.1205,-0.0562579
27.177,-0.0566533
27.2334,-0.0570525
27.2899,-0.0574476
27.3463,-0.0578422
27.4052,-0.0582856
27.4592,-0.0587038
27.5181,-0.059152
27.5746,-0.0596377
27.631,-0.0600732
27.685,-0.0604814
27.7415,-0.0609423
27.7979,-0.0614033
27.8519,-0.0618268
27.9108,-0.0623266
27.9697,-0.0628355
28.0286,-0.0633706
28.0851,-0.0638673
28.144,-0.0644211
28.2029,-0.0649563
28.2642,-0.065534
28.3231,-0.0661037
28.382,-0.0666743
28.4409,-0.0672289
28.4998,-0.0678178
28.5587,-0.0684168
28.6152,-0.0689723
28.6741,-0.0695591
28.733,-0.0700751
28.7919,-0.0705323
28.8508,-0.0705323
28.9122,-0.071148
28.9735,-0.0717303
29.0349,-0.0722519
29.0962,-0.072715
29.1576,-0.073124
29.2189,-0.073482
29.2803,-0.0738101
29.3392,-0.0740962
29.4005,-0.074372
29.4594,-0.0746198
29.5184,-0.0748531
29.5797,-0.0750856
29.6386,-0.0753066
29.7,-0.0755408
29.7613,-0.0757761
29.8202,-0.076038
29.8841,-0.0763378
29.9454,-0.0766513
30.0068,-0.0769779
30.0657,-0.0773124
30.1295,-0.0776923
30.1884,-0.0780744
30.2522,-0.0784937
30.3111,-0.0789063
30.3725,-0.0793482
30.4314,-0.0797788
30.4927,-0.0802402
30.5541,-0.0807084
30.6154,-0.0812017
30.6792,-0.0817221
30.7381,-0.0822228
30.802,-0.0827762
30.8658,-0.0833372
30.9271,-0.0838904
30.9885,-0.0844617
31.0498,-0.0850571
31.1112,-0.0856777
31.1725,-0.0862926
31.2339,-0.0869077
31.2952,-0.0875021
31.3566,-0.0880184
31.4179,-0.0884153
31.4792,-0.0886989
31.5406,-0.0889057
31.6044,-0.0890707
31.6658,-0.0892063
31.7296,-0.0893618
31.7885,-0.0895081
31.8523,-0.0896855
31.9137,-0.0898758
31.975,-0.0900495
32.0388,-0.0902641
32.0977,-0.090468
32.1591,-0.0906751
32.2204,-0.0908998
32.2843,-0.0911187
32.3456,-0.0913803
32.407,-0.0916114
32.4683,-0.0918669
32.5297,-0.0921133
32.591,-0.0923852
32.6524,-0.0926536
32.7138,-0.0928966
32.7751,-0.0930998
32.8389,-0.0932724
32.8978,-0.0934064
32.9616,-0.0935126
33.0205,-0.0935577
33.0843,-0.0935079
33.1432,-0.0933398
33.2045,-0.0930088
33.2658,-0.092503
33.327,-0.0918208
33.3883,-0.090947
33.4471,-0.0899316
33.501,-0.0888322
33.5598,-0.0874277
33.6161,-0.0858898
33.6725,-0.0841687
33.7313,-0.0821866
33.7852,-0.0802248
33.844,-0.0779494
33.9004,-0.0756544
33.9567,-0.0732531
34.0156,-0.0706414
34.0694,-0.0681397
34.1282,-0.0652522
34.182,-0.0624174
34.2357,-0.0593721
34.2894,-0.0560928
34.3431,-0.0525596
34.4016,-0.04841
34.4552,-0.0443397
34.5089,-0.0400172
34.565,-0.035267
34.6187,-0.0305454
34.6749,-0.0254578
34.7311,-0.0202477
34.7872,-0.0149321
34.841,-0.00975693
34.8947,-0.00450539
34.9484,0.000809974
35.0021,0.00618202
35.0534,0.0113457
35.1047,0.0165448
35.1535,0.0215356
35.2023,0.0265562
35.2536,0.0318723
35.3049,0.0372273
35.3537,0.0423761
35.4025,0.0475796
35.4537,0.0531023
35.5049,0.0586768
35.5537,0.0640265
35.6025,0.0694092
35.6513,0.0748194
35.7001,0.0802593
35.7488,0.0857261
35.7976,0.0912093
35.8464,0.0967201
35.8927,0.101964
35.9391,0.107221
35.9878,0.112777
36.0366,0.118353
36.0854,0.123938
36.1317,0.129266
36.178,0.13461
36.2268,0.14027
36.2706,0.145415
36.3169,0.15091
36.3632,0.156477
36.4095,0.162117
36.4557,0.167827
36.4995,0.1733
36.5482,0.179443
36.5945,0.185327
36.6407,0.191251
36.6894,0.197521
36.7405,0.204139
36.7868,0.210159
36.8354,0.216524
36.8841,0.222913
36.9328,0.229332
36.9814,0.235773
37.0325,0.242549
37.0812,0.249022
37.1298,0.255497
37.1785,0.261975
37.2271,0.268471
37.2758,0.274987
37.324,0.283251
37.3727,0.289751
37.4213,0.296241
37.47,0.302701
37.5211,0.309454
37.5697,0.315856
37.6184,0.322227
37.6671,0.328576
37.7157,0.334898
37.7669,0.341507
37.818,0.348086
37.8715,0.354948
37.9227,0.361468
37.9738,0.367966
38.0273,0.374746
38.0809,0.381497
38.1345,0.388222
38.1881,0.394915
38.2416,0.40158
38.2952,0.408219
38.3464,0.414533
38.4,0.421156
38.4536,0.42772
38.5072,0.434332
38.5607,0.440966
38.6143,0.447596
38.6704,0.454549
38.7239,0.461214
38.7751,0.467595
38.8287,0.474307
38.8847,0.481346
38.9382,0.488107
38.9918,0.494877
39.0454,0.50167
39.0989,0.50848
39.1501,0.515001
39.2036,0.521841
39.2572,0.528717
39.3131,0.53595
39.3667,0.542926
39.4202,0.549955
39.4737,0.55702
39.5273,0.564124
39.5808,0.571258
39.6367,0.578748
39.6902,0.585938
39.7462,0.593451
39.8021,0.60109
39.8581,0.608579
39.9116,0.615769
39.97,0.6236
40.0284,0.631431
40.0868,0.639243
40.1451,0.647033
40.2035,0.654822
40.2619,0.662597
40.3203,0.670351
40.3787,0.678113
40.4395,0.686182
40.5004,0.694229
40.5588,0.701945
40.6171,0.70968
40.6755,0.7174
40.7364,0.725425
40.7972,0.733456
40.8581,0.741456
40.9189,0.74942
40.9797,0.757403
41.0408,0.765684
41.1041,0.773979
41.1649,0.781987
41.2257,0.789817
41.2889,0.798152
41.3473,0.805842
41.4106,0.814193
41.4714,0.822207
41.5322,0.830244
41.5955,0.83859
41.6588,0.846968
41.722,0.855363
41.7853,0.863771
41.851,0.872512
41.9167,0.881261
41.9823,0.890037
42.0505,0.899133
42.1162,0.908061
42.1843,0.917184
42.2524,0.926326
42.3205,0.935425
42.3862,0.944238
42.4519,0.953045
42.52,0.962161
42.5857,0.970957
42.6538,0.98008
42.7243,0.989513
42.7924,0.998607
42.8606,1.0077
42.9311,1.01708
43.0017,1.02648
43.0698,1.03555
43.1379,1.04459
43.206,1.05363
43.2742,1.06265
43.3399,1.07135
43.4056,1.08002
43.4737,1.089
43.5394,1.09763
43.6051,1.10628
43.6732,1.11521
43.7438,1.12447
43.812,1.13336
43.8777,1.14194
43.9433,1.1507
44.009,1.15929
44.0748,1.16789
44.1405,1.17648
44.2086,1.18532
44.2743,1.19389
44.34,1.20251
44.4033,1.21085
44.469,1.21957
44.5346,1.22834
44.5979,1.23683
44.6611,1.24535
44.7244,1.25391
44.7852,1.26215
44.846,1.27041
44.9092,1.27901
44.9676,1.28697
45.0308,1.29558
45.0891,1.30358
45.1499,1.31185
45.2107,1.32011
45.2691,1.32808
45.3299,1.33608
45.3907,1.34437
45.4491,1.35234
45.5099,1.3607
45.5683,1.36869
45.6242,1.37662
45.6802,1.38419
45.7361,1.39182
45.7944,1.39981
45.8504,1.40749
45.9063,1.4152
45.9622,1.42294
46.0181,1.43072
46.074,1.43858
46.1298,1.44656
46.1832,1.45431
46.239,1.46257
46.2923,1.47059
46.3456,1.47876
46.3965,1.48669
46.4497,1.49514
46.4981,1.50294
46.5513,1.51167
46.6045,1.52056
46.6576,1.52961
46.7107,1.53884
46.7638,1.54825
46.812,1.55694
46.8626,1.56624
46.9132,1.57571
46.9613,1.58488
47.0094,1.5942
47.0598,1.60417
47.1102,1.6143
47.1582,1.62413
47.2085,1.63465
47.2563,1.64484
47.3066,1.65573
47.3544,1.66627
47.4047,1.67749
47.4549,1.68883
47.5027,1.69973
47.5529,1.71125
47.6007,1.72231
47.6485,1.73343
47.6987,1.74517
47.7465,1.75638
47.7943,1.76763
47.842,1.77891
47.8898,1.79022
47.9375,1.80158
47.9852,1.81301
48.0329,1.82454
48.0805,1.83617
48.1257,1.84734
48.1709,1.85861
48.2184,1.87061
48.2659,1.88273
48.3134,1.89496
48.3609,1.90729
48.4084,1.9197
48.4558,1.93217
48.5033,1.94471
48.5507,1.9573
48.5934,1.96868
48.6408,1.98137
48.6858,1.99346
48.7309,2.00558
48.7782,2.01838
48.8256,2.0312
48.873,2.04404
48.9204,2.05691
48.9677,2.0698
49.0151,2.08271
49.0601,2.09499
49.15,2.11962
49.15,2.11962
49.195,2.13197
49.2399,2.14434
49.2825,2.15607
49.3251,2.16783
49.3701,2.18027
49.4126,2.19207
49.4552,2.20389
49.4978,2.21571
49.5403,2.22751
49.5829,2.23932
49.6255,2.2511
49.6681,2.26285
49.7083,2.27392
49.7485,2.28497
49.7911,2.29664
49.8337,2.30828
49.874,2.31925
49.9166,2.33084
49.9569,2.34176
49.9995,2.35329
50.0422,2.36481
50.0848,2.37631
50.1275,2.3878
50.1701,2.39928
50.2152,2.4114
50.2578,2.42288
50.3005,2.43438
50.3455,2.44653
50.3882,2.45806
50.4308,2.4696
50.4758,2.4818
50.5184,2.49338
50.5634,2.50562
50.6084,2.51788
50.6534,2.53016
50.7008,2.54312
50.7434,2.5548
50.7907,2.56781
50.8333,2.57953
50.8759,2.59128
50.9232,2.60434
50.9658,2.61612
51.0107,2.62856
51.0556,2.64102
51.0982,2.65284
51.1455,2.66598
51.1904,2.67848
51.2377,2.69165
51.285,2.70484
51.3346,2.71869
51.3819,2.73191
51.4292,2.74514
51.4764,2.75836
51.5237,2.77161
51.571,2.78485
51.6206,2.79873
51.6703,2.81259
51.7199,2.82642
51.7696,2.84021
51.8216,2.85462
51.8737,2.86899
51.9257,2.88332
51.9754,2.89696
52.0299,2.91188
52.0796,2.92547
52.134,2.94032
52.1861,2.9545
52.2382,2.96866
52.2927,2.98348
52.3472,2.99833
52.3992,3.01257
52.4513,3.02685
52.5034,3.04115
52.5578,3.0561
52.6122,3.07104
52.6643,3.08531
52.7188,3.1002
52.7732,3.11506
52.8253,3.12926
52.8822,3.14471
52.9366,3.1595
52.9911,3.17426
53.048,3.18965
53.1048,3.20504
53.1617,3.22068
53.2185,3.23586
53.2754,3.25123
53.3322,3.26663
53.3891,3.28203
53.4459,3.29744
53.5028,3.31287
53.562,3.32895
53.6212,3.34505
53.678,3.36053
53.7325,3.37537
53.7893,3.39087
53.8485,3.40703
53.9053,3.42256
53.9621,3.4381
54.0213,3.4543
54.0805,3.47051
54.1397,3.48674
54.2012,3.50359
54.2604,3.51981
54.3219,3.53666
54.3835,3.55352
54.4427,3.56972
54.5019,3.58591
54.5634,3.6028
54.6202,3.61834
54.6818,3.63514
54.741,3.65128
54.8003,3.66741
54.8618,3.68425
54.9233,3.70107
54.9873,3.71853
55.0488,3.73533
55.1104,3.75213
55.172,3.76891
55.2335,3.7857
55.2927,3.80184
55.3543,3.81864
55.4158,3.83546
55.4774,3.8523
55.5389,3.86917
55.6028,3.88669
55.6667,3.90424
55.7283,3.92114
55.7922,3.9387
55.8561,3.95627
55.9176,3.97321
55.9791,3.99009
56.0453,4.00829
56.1069,4.02531
56.1684,4.0421
56.2323,4.05975
56.2962,4.07735
56.3577,4.09433
56.4191,4.11138
56.4829,4.12921
56.5466,4.14721
56.6079,4.16469
56.6716,4.18303
56.7351,4.20155
56.7962,4.21958
56.8597,4.23849
56.9231,4.25759
56.9865,4.27685
57.0474,4.29553
57.1107,4.31505
57.1717,4.33395
57.2326,4.35294
57.2934,4.37203
57.3542,4.39124
57.4173,4.41134
57.4803,4.43163
57.5433,4.45211
57.6061,4.47281
57.6689,4.49371
57.7316,4.51483
57.7943,4.53617
57.8568,4.55775
57.9193,4.57957
57.9817,4.60161
58.0417,4.62305
58.1039,4.64552
58.1662,4.66817
58.2284,4.69094
58.2905,4.71384
58.3526,4.73689
58.4146,4.7601
58.4765,4.78351
58.5383,4.80715
58.6022,4.83193
58.6616,4.85514
58.7232,4.87942
58.7848,4.90385
58.8486,4.92931
58.9101,4.954
58.9715,4.97881
59.0351,5.00466
59.0965,5.02968
59.1578,5.05479
59.2213,5.08093
59.2848,5.10717
59.346,5.13259
59.4094,5.15904
59.4705,5.18464
59.5338,5.21132
59.597,5.23815
59.6579,5.26418
59.721,5.29135
59.784,5.31865
59.847,5.34601
59.9101,5.37341
59.9731,5.40082
60.0338,5.42718
60.0968,5.45456
60.1576,5.48103
60.2189,5.50702
60.2819,5.5344
60.3449,5.56187
60.4079,5.58933
60.4687,5.61574
60.534,5.64415
60.597,5.67161
60.6623,5.70002
60.7275,5.72843
60.7905,5.75587
60.8557,5.78433
60.921,5.81278
60.9862,5.84123
61.0515,5.86971
61.1145,5.89719
61.1797,5.92567
61.2449,5.95417
61.3101,5.98266
61.3753,6.0112
61.4406,6.03971
61.5058,6.06825
61.5732,6.09777
61.6362,6.12534
61.7036,6.15491
61.7666,6.18247
61.834,6.21206
61.8969,6.23967
61.9621,6.26826
62.0273,6.29687
62.0925,6.32551
62.1576,6.3541
62.225,6.38373
62.2902,6.41236
62.3598,6.44294
62.4273,6.47251
62.4925,6.50107
62.5599,6.5306
62.6274,6.5601
62.6926,6.58859
62.7601,6.61804
62.8276,6.64745
62.8929,6.67586
62.9604,6.70521
63.0257,6.73357
63.0932,6.76287
63.1608,6.79214
63.2283,6.8214
63.2982,6.85161
63.368,6.88184
63.4356,6.91106
63.5032,6.94026
63.5708,6.96947
63.6384,6.99874
63.7061,7.02792
63.7736,7.05714
63.8412,7.08634
63.9088,7.11557
63.9764,7.14485
64.0417,7.17318
64.1114,7.2035
64.1789,7.23287
64.2465,7.26227
64.3139,7.29169
64.3837,7.32212
64.4534,7.35257
64.5209,7.38206
64.5883,7.41156
64.658,7.44207
64.7277,7.47261
64.7952,7.50218
64.8649,7.53272
64.9345,7.56325
65.002,7.59285
65.0716,7.62344
65.1413,7.65404
65.2087,7.68365
65.2759,7.71361
65.3456,7.74425
65.413,7.77389
65.4827,7.80452
65.5501,7.83427
65.6175,7.8639
65.6871,7.89463
65.7545,7.92431
65.8242,7.95496
65.8915,7.98465
65.9589,8.01433
66.0263,8.04407
66.0937,8.07379
66.161,8.10349
66.2284,8.13317
66.2957,8.16288
66.3631,8.19261
66.4327,8.22334
66.5022,8.25457
66.5698,8.28423
66.6394,8.31497
66.7091,8.34565
66.7764,8.37534
66.8438,8.40503
66.9135,8.43569
66.9809,8.46531
67.0482,8.49498
67.1134,8.52364
67.1831,8.55426
67.2505,8.58388
67.3179,8.61348
67.3831,8.64208
67.4505,8.67166
67.5157,8.70023
67.5786,8.72781
67.6438,8.75637
67.7067,8.78395
67.7719,8.81248
67.8372,8.84097
67.9002,8.86845
67.9632,8.89588
68.0262,8.92327
68.0892,8.95062
68.1545,8.97891
68.2176,9.00619
68.283,9.03441
68.3461,9.06161
68.4092,9.0888
68.4723,9.11594
68.5377,9.14403
68.6031,9.1721
68.664,9.1982
68.7249,9.2243
68.7881,9.25125
68.8491,9.27726
68.9123,9.30432
68.9732,9.33044
69.0318,9.35564
69.0949,9.38278
69.1558,9.40897
69.2167,9.43519
69.2775,9.46142
69.3384,9.48766
69.397,9.51296
69.4578,9.53927
69.5186,9.56562
69.5771,9.59102
69.6379,9.61743
69.6987,9.64389
69.7572,9.66939
69.8156,9.69494
69.8763,9.72151
69.9348,9.74712
69.9954,9.77375
70.0539,9.79942
70.1123,9.8251
70.1729,9.85178
70.2291,9.87652
70.2875,9.90226
70.3459,9.92804
70.4042,9.95385
70.4626,9.97969
70.5209,10.0056
70.577,10.0304
70.6353,10.0563
70.6936,10.0821
70.7542,10.1088
70.8127,10.1343
70.8712,10.1597
70.9275,10.1842
70.986,10.2097
71.0444,10.2352
71.1029,10.2608
71.1591,10.2855
71.2175,10.3111
71.2759,10.3368
71.3343,10.3626
71.3947,10.3892
71.4553,10.4159
71.5137,10.4415
71.5721,10.4667
71.6329,10.4927
71.6938,10.5184
71.7526,10.5428
71.8115,10.567
71.8705,10.5911
71.9274,10.614
71.9866,10.6377
72.0458,10.6613
72.1051,10.6847
72.1668,10.7088
72.2262,10.7319
72.2857,10.7548
72.3452,10.7775
72.4072,10.8008
72.4691,10.824
72.5312,10.8469
72.5934,10.8696
72.6533,10.8913
72.711,10.9119
72.7734,10.934
72.8336,10.9551
72.8938,10.9761
72.954,10.9968
73.0167,11.0182
73.0794,11.0393
73.1422,11.0601
73.205,11.0808
73.2703,11.102
73.3357,11.123
73.3988,11.1431
73.4619,11.163
73.5275,11.1835
73.5931,11.2037
73.6564,11.2232
73.7221,11.2432
73.7855,11.2623
73.8513,11.282
73.9172,11.3016
73.9831,11.3211
74.049,11.3405
74.1149,11.3598
74.1809,11.379
74.2469,11.3981
74.3129,11.4171
74.3766,11.4354
74.4427,11.4542
74.5088,11.473
74.5749,11.4916
74.641,11.5101
74.7096,11.529
74.7758,11.5472
74.8421,11.5651
74.9085,11.583
74.9748,11.6008
75.0436,11.6192
75.1123,11.6377
75.1777,11.655
75.2441,11.6728
75.3128,11.6912
75.3792,11.709
75.4456,11.7268
75.512,11.7446
75.5807,11.763
75.6471,11.7809
75.7183,11.8
75.7846,11.8177
75.8558,11.8367
75.9245,11.8552
75.9932,11.8737
76.062,11.8922
76.1307,11.9107
76.197,11.9286
76.2633,11.9466
76.332,11.9653
76.4007,11.984
76.467,12.0021
76.5333,12.0202
76.6019,12.039
76.6706,12.0578
76.7416,12.0773
76.8126,12.0968
76.8836,12.1163
76.9499,12.1345
77.0209,12.154
77.0871,12.1722
77.1558,12.1912
77.2244,12.21
77.2906,12.2283
77.3569,12.2466
77.4255,12.2655
77.4918,12.2837
77.5604,12.3026
77.629,12.3214
77.6977,12.3401
77.7664,12.3588
77.8327,12.3768
77.899,12.3947
77.9654,12.4126
78.0341,12.4311
78.1004,12.449
78.1668,12.4669
78.2332,12.4848
78.2995,12.5027
78.3682,12.5212
78.4369,12.5398
78.5056,12.5583
78.5744,12.5769
78.6454,12.5962
78.7117,12.6143
78.7803,12.6331
78.8466,12.6513
78.9105,12.6689
78.9767,12.6873
79.0429,12.7057
79.1091,12.7241
79.1753,12.7425
79.2415,12.761
79.3101,12.7801
79.3787,12.7992
79.4472,12.8183
79.5158,12.8373
79.5844,12.8564
79.7405,12.8997
79.7901,12.9135
79.8564,12.9319
79.9273,12.9515
79.9959,12.9704
80.0646,12.9893
80.1356,13.0088
80.2066,13.0282
80.2752,13.0469
80.3463,13.0662
80.4197,13.0861
80.4908,13.1054
80.5619,13.1246
80.633,13.1438
80.704,13.1629
80.7775,13.1827
80.851,13.2024
80.9221,13.2215
80.9956,13.2412
81.0691,13.2609
81.1402,13.2801
81.2113,13.2992
81.2825,13.3183
81.356,13.338
81.4295,13.3577
81.503,13.3774
81.5764,13.3971
81.6499,13.4168
81.7234,13.4365
81.7945,13.4556
81.8656,13.4747
81.9367,13.4938
82.0079,13.513
82.0837,13.5334
82.1572,13.5532
82.2306,13.573
82.3017,13.5922
82.3775,13.6128
82.4486,13.632
82.5244,13.6526
82.5954,13.6719
82.6665,13.6912
82.7375,13.7106
82.8085,13.73
82.8796,13.7494
82.9506,13.7688
83.0216,13.7882
83.095,13.8083
83.1684,13.8284
83.2418,13.8486
83.3151,13.8687
83.3885,13.8889
83.4618,13.9091
83.5376,13.93
83.6085,13.9496
83.6795,13.9692
83.7505,13.9888
83.8215,14.0084
83.8924,14.0281
83.9634,14.0477
84.0368,14.0679
84.1101,14.0882
84.1834,14.1085
84.2568,14.1288
84.3277,14.1486
84.401,14.169
84.4743,14.1894
84.5453,14.209
84.6163,14.2287
84.6872,14.2484
84.7582,14.2681
84.8267,14.2872
84.8977,14.3069
84.971,14.3273
85.0419,14.347
85.1128,14.3667
85.1885,14.3877
85.2619,14.4079
85.3352,14.428
85.4063,14.4474
85.482,14.4681
85.5531,14.4874
85.6265,14.5073
85.7,14.5272
85.771,14.5465
85.8445,14.5664
85.9179,14.5863
85.9937,14.6068
86.0671,14.6268
86.1406,14.6467
86.2164,14.6673
86.2922,14.6879
86.3679,14.7086
86.439,14.728
86.5147,14.7486
86.5905,14.7694
86.6615,14.7888
86.7372,14.8096
86.8082,14.829
86.884,14.8498
86.9597,14.8706
87.0331,14.8907
87.1065,14.9109
87.1822,14.9318
87.2555,14.952
87.3289,14.9722
87.3999,14.9918
87.4708,15.0114
87.5442,15.0316
87.6175,15.0519
87.6909,15.0722
87.7642,15.0925
87.8375,15.1128
87.9109,15.133
87.9819,15.1527
88.0576,15.1736
88.1309,15.1939
88.2043,15.2142
88.28,15.2351
88.351,15.2547
88.4243,15.2749
88.4977,15.2951
88.5686,15.3146
88.6396,15.3341
88.7133,15.3536
88.7866,15.3737
88.8577,15.3932
88.9287,15.4126
89.002,15.4327
89.0754,15.4527
89.1512,15.4734
89.2246,15.4934
89.298,15.5133
89.3714,15.5333
89.4448,15.5533
89.5159,15.5727
89.5893,15.5928
89.6627,15.6129
89.7337,15.6323
89.8071,15.6524
89.8804,15.6725
89.9538,15.6927
90.0272,15.7129
90.1029,15.7337
90.1762,15.7539
90.2519,15.7748
90.3253,15.795
90.401,15.8159
90.4767,15.8368
90.55,15.8571
90.6234,15.8774
90.699,15.8984
90.77,15.9181
90.8409,15.9378
90.9142,15.9582
90.9875,15.9786
91.0608,15.999
91.1341,16.0194
91.2098,16.0405
91.2854,16.0616
91.3601,16.0879
91.4358,16.109
91.5114,16.1302
91.5871,16.1515
91.6628,16.1725
91.7361,16.193
91.8094,16.2134
91.885,16.2345
91.9583,16.2549
92.0316,16.2752
92.1073,16.2962
92.1806,16.3166
92.2539,16.3369
92.3296,16.3579
92.403,16.3782
92.4763,16.3985
92.552,16.4195
92.6277,16.4405
92.6986,16.4601
92.7696,16.4798
92.8405,16.4995
92.9138,16.5199
92.9848,16.5396
93.0557,16.5593
93.129,16.5797
93.2047,16.6008
93.2804,16.6219
93.3513,16.6416
93.4246,16.6621
93.4978,16.6826
93.5711,16.703
93.6444,16.7235
93.7153,16.7434
93.7886,16.7639
93.8618,16.7844
93.9328,16.8042
94.0084,16.8253
94.0817,16.8457
94.155,16.8661
94.2283,16.8864
94.3016,16.9067
94.3773,16.9275
94.4531,16.9482
94.5289,16.9687
94.6047,16.9892
94.6805,17.0096
94.7564,17.0299
94.8323,17.0501
94.9082,17.0703
94.9864,17.0912
95.0647,17.112
95.1406,17.1323
95.2188,17.1533
95.2994,17.1749
95.3776,17.1959
95.4582,17.2176
95.5411,17.24
95.6241,17.2624
95.7094,17.2855
95.7899,17.3073
95.8728,17.3298
95.9557,17.3523
96.0386,17.3748
96.1215,17.3974
96.2044,17.4199
96.2873,17.4425
96.3678,17.4644
96.4507,17.487
96.5361,17.5106
96.619,17.5332
96.7066,17.5569
96.7943,17.5805
96.8796,17.6034
96.965,17.6261
97.0504,17.6488
97.1357,17.6714
97.2164,17.6928
97.297,17.7143
97.3776,17.736
97.4605,17.7585
97.5434,17.781
97.6262,17.8036
97.7091,17.8262
97.7896,17.8483
97.8748,17.8716
97.9601,17.8948
98.0429,17.9174
98.1258,17.9398
98.2064,17.9616
98.2846,17.9827
98.3652,18.0043
98.4434,18.0253
98.524,18.0469
98.6046,18.0684
98.6853,18.0899
98.7659,18.1114
98.8465,18.1329
98.9272,18.1544
99.0078,18.176
99.0883,18.1977
99.1665,18.2188
99.2471,18.2406
99.3252,18.2618
99.401,18.2825
99.4767,18.3032
99.5549,18.3246
99.633,18.3461
99.7087,18.3669
99.7891,18.3891
99.8648,18.41
99.9429,18.4317
100.021,18.4533
100.097,18.4744
100.172,18.4955
100.248,18.5166
100.321,18.5371
100.394,18.5577
100.47,18.5789
100.541,18.5988
100.616,18.6201
100.69,18.6407
100.763,18.6613
100.839,18.6825
100.914,18.7036
100.992,18.7254
101.066,18.7458
101.141,18.7668
101.217,18.7878
101.293,18.8087
101.368,18.8296
101.439,18.8491
101.515,18.8697
101.586,18.889
101.66,18.9088
101.733,18.9286
101.809,18.9488
101.885,18.969
101.961,18.9891
102.034,19.0085
102.11,19.0284
102.186,19.0483
102.262,19.0681
102.336,19.0872
102.41,19.106
102.483,19.1245
102.559,19.1433
102.631,19.1607
102.707,19.1789
102.781,19.1964
102.858,19.2142
102.934,19.2319
103.011,19.2494
103.085,19.2663
103.161,19.2836
103.238,19.3008
103.31,19.3169
103.384,19.3335
103.458,19.35
103.53,19.3659
103.605,19.3822
103.679,19.3982
103.751,19.4133
103.825,19.4287
103.9,19.4437
103.974,19.4584
104.046,19.4723
104.121,19.4866
104.193,19.5003
104.266,19.5139
104.336,19.527
104.768,19.6044
104.84,19.6168
104.913,19.629
104.986,19.6411
105.056,19.6526
105.126,19.664
105.199,19.6756
105.271,19.6871
105.342,19.6979
105.412,19.7085
105.487,19.7195
105.558,19.7296
105.628,19.7393
105.698,19.7488
105.771,19.7585
105.844,19.7679
105.915,19.7769
105.986,19.7857
106.056,19.7944
106.127,19.8029
106.2,19.8117
106.273,19.8203
106.346,19.8288
106.417,19.8369
106.49,19.8451
106.561,19.853
106.631,19.8608
106.7,19.8682
106.768,19.8756
106.836,19.8829
106.907,19.8904
106.978,19.8979
107.049,19.9054
107.117,19.9125
107.188,19.9199
107.259,19.9274
107.329,19.9349
107.4,19.9425
107.471,19.9501
107.542,19.9577
107.61,19.9651
107.683,19.9731
107.751,19.9806
107.82,19.9881
107.888,19.9957
107.959,20.0035
108.03,20.0114
108.098,20.019
108.166,20.0267
108.234,20.0344
108.305,20.0424
108.376,20.0504
108.444,20.0581
108.512,20.0658
108.583,20.0738
108.651,20.0815
108.72,20.0892
108.788,20.0969
108.856,20.1046
108.925,20.1123
108.995,20.1202
109.064,20.1278
109.134,20.1357
109.203,20.1433
109.273,20.1511
109.344,20.1589
109.413,20.1663
109.483,20.174
109.552,20.1813
109.62,20.1886
109.688,20.1958
109.757,20.203
109.823,20.2099
109.891,20.217
109.959,20.2241
110.028,20.2312
110.098,20.2385
110.167,20.2455
110.235,20.2524
110.306,20.2596
110.374,20.2665
110.445,20.2737
110.514,20.2806
110.579,20.2872
110.648,20.294
110.716,20.3008
110.785,20.3076
110.855,20.3148
110.924,20.3217
110.992,20.3287
111.06,20.3357
111.131,20.343
111.197,20.3498
111.266,20.3568
111.334,20.3639
111.402,20.371
111.471,20.3782
111.541,20.3856
111.612,20.393
111.681,20.4003
111.754,20.408
111.825,20.4155
111.895,20.4231
111.969,20.4309
112.037,20.4382
112.108,20.4458
112.178,20.4534
112.247,20.4608
112.317,20.4685
112.388,20.4761
112.459,20.4838
112.53,20.4916
112.603,20.4996
112.671,20.5072
112.744,20.5152
112.815,20.5231
112.886,20.531
112.954,20.5387
113.022,20.5464
113.091,20.5542
113.159,20.5622
113.225,20.5701
113.29,20.5783
113.356,20.5867
113.422,20.5952
113.49,20.6043
113.555,20.6131
113.621,20.6221
113.689,20.6315
113.752,20.6403
113.82,20.6498
113.886,20.659
113.952,20.6683
114.015,20.6773
114.083,20.6871
114.146,20.6962
114.211,20.7056
114.277,20.7152
114.34,20.7244
114.403,20.7337
114.471,20.7438
114.537,20.7536
114.602,20.7636
114.67,20.774
114.733,20.7838
114.799,20.7942
114.864,20.8046
114.929,20.8151
114.995,20.8258
115.058,20.8361
115.123,20.8468
115.189,20.8576
115.252,20.8681
115.317,20.8791
115.382,20.8901
115.45,20.9017
115.518,20.9134
115.583,20.9249
115.65,20.9371
115.718,20.9496
115.785,20.9623
115.853,20.9752
115.92,20.9884
115.99,21.0024
116.126,21.0308
116.191,21.0447
116.258,21.0594
116.325,21.0744
116.392,21.0897
116.459,21.1051
116.528,21.1213
116.597,21.1376
116.666,21.1539
116.736,21.1704
116.807,21.1875
116.879,21.2046
116.95,21.2218
117.02,21.2384
117.089,21.255
117.16,21.2723
117.232,21.2896
117.301,21.3064
117.37,21.3231
117.442,21.3405
117.513,21.3578
117.583,21.3747
117.652,21.3915
117.723,21.4089
117.795,21.4264
117.864,21.4433
117.933,21.4602
118.005,21.4777
118.076,21.4952
118.145,21.5122
118.214,21.5292
118.286,21.5469
118.357,21.5646
118.429,21.5824
118.5,21.6002
118.572,21.618
118.643,21.636
118.714,21.6539
118.786,21.672
118.857,21.6901
118.929,21.7083
119,21.7267
119.073,21.7457
119.147,21.7648
119.218,21.7834
119.29,21.802
119.363,21.8213
119.437,21.8407
119.508,21.8595
119.582,21.8789
119.655,21.8984
119.729,21.918
119.802,21.9376
119.873,21.9566
119.949,21.9769
120.02,21.9961
120.096,22.0165
120.169,22.0364
120.243,22.0562
120.319,22.0768
120.394,22.0974
120.47,22.118
120.544,22.1378
120.62,22.1582
120.695,22.1785
120.769,22.1982
120.845,22.2184
120.916,22.2374
120.992,22.2576
121.068,22.2778
121.144,22.2979
121.22,22.3181
121.295,22.3382
121.374,22.3589
121.45,22.379
121.526,22.3991
121.604,22.4199
121.682,22.4407
121.756,22.4601
121.834,22.4809
121.91,22.501
121.988,22.5217
122.064,22.5418
122.143,22.5625
122.221,22.5832
122.297,22.6033
122.375,22.624
122.453,22.6447
122.529,22.665
122.608,22.6854
122.684,22.7053
122.762,22.726
122.838,22.7461
122.914,22.7663
122.99,22.7864
123.068,22.8072
123.146,22.8279
123.222,22.848
123.298,22.8681
123.374,22.8883
123.45,22.9085
123.526,22.9287
123.604,22.9496
123.68,22.9698
123.754,22.9893
123.83,23.0095
123.901,23.0284
123.977,23.0486
124.048,23.0674
124.121,23.0869
124.193,23.1058
124.264,23.1246
124.337,23.144
124.409,23.1628
124.482,23.1821
124.553,23.2008
124.627,23.2201
124.698,23.2387
124.774,23.2586
124.845,23.2772
124.917,23.2957
124.99,23.3148
125.059,23.3327
125.13,23.351
125.204,23.3699
125.276,23.3881
125.347,23.4062
125.418,23.4243
125.487,23.4417
125.559,23.4597
125.63,23.4777
125.701,23.4956
125.773,23.5135
125.84,23.5301
125.911,23.5479
125.98,23.5651
126.049,23.5823
126.121,23.6
126.19,23.6172
126.259,23.6343
126.326,23.6507
126.397,23.6684
126.466,23.6854
126.535,23.7024
126.604,23.7194
126.673,23.7364
126.743,23.7535
126.812,23.7705
126.881,23.7875
126.95,23.8045
127.019,23.8215
127.088,23.8384
127.155,23.8548
127.224,23.8718
127.293,23.8887
127.362,23.9057
127.431,23.9225
127.501,23.9394
127.57,23.9562
127.641,23.9736
127.708,23.9898
127.775,24.0059
127.842,24.022
127.908,24.0382
127.978,24.0549
128.047,24.0716
128.114,24.0876
128.183,24.1043
128.252,24.121
128.324,24.1382
128.393,24.1548
128.462,24.1714
128.534,24.1886
128.605,24.2057
128.677,24.2228
128.746,24.2393
128.815,24.2558
128.887,24.2728
128.956,24.2892
129.026,24.3056
129.097,24.3225
129.166,24.3388
129.236,24.3552
129.307,24.3721
129.379,24.3889
129.451,24.4058
129.522,24.4226
129.592,24.4389
129.663,24.4558
129.735,24.4728
129.807,24.4898
129.881,24.5075
129.952,24.5247
130.024,24.5421
130.098,24.5601
130.172,24.5782
130.243,24.5957
130.315,24.6134
130.388,24.6316
130.46,24.6494
130.531,24.6671
130.605,24.6855
130.674,24.7026
130.746,24.7202
130.815,24.7374
130.886,24.7551
130.958,24.7725
131.029,24.7903
131.103,24.8087
131.175,24.8264
131.248,24.8448
131.325,24.8638
131.396,24.8817
131.47,24.9001
131.544,24.9187
131.615,24.9367
131.689,24.9554
131.762,24.9742
131.834,24.9924
131.905,25.0107
131.979,25.0296
132.052,25.0486
132.124,25.067
132.2,25.0866
132.276,25.1062
132.352,25.1256
132.428,25.1452
132.504,25.1649
132.58,25.1845
132.656,25.2041
132.73,25.223
132.804,25.2421
132.876,25.2592
132.95,25.2783
133.026,25.2979
133.1,25.317
133.173,25.336
133.245,25.3544
133.321,25.374
133.394,25.3931
133.468,25.4121
133.539,25.4306
133.611,25.4489
133.686,25.4684
133.758,25.4868
133.829,25.5052
133.903,25.5243
133.976,25.5433
134.048,25.5617
134.119,25.5801
134.193,25.5992
134.266,25.6182
134.34,25.6372
134.414,25.6562
134.49,25.6757
134.561,25.6942
134.637,25.7138
134.711,25.7329
134.784,25.752
134.86,25.7717
134.936,25.7914
135.012,25.8112
135.084,25.8297
135.16,25.8495
135.236,25.8694
135.307,25.8879
135.38,25.9072
135.454,25.9263
135.53,25.9461
135.604,25.9653
135.677,25.9846
135.753,26.0045
135.829,26.0244
135.905,26.0443
135.977,26.0629
136.05,26.0822
136.124,26.1015
136.2,26.1214
136.276,26.1413
136.347,26.1601
136.423,26.18
136.499,26.2
136.572,26.2194
136.648,26.2393
136.724,26.2593
136.8,26.2793
136.876,26.2992
136.95,26.3184
137.026,26.3382
137.102,26.3579
137.178,26.3775
137.254,26.3971
137.33,26.4166
137.406,26.436
137.482,26.4554
137.558,26.4747
137.634,26.494
137.711,26.5132
137.784,26.5318
137.858,26.5503
137.934,26.5694
138.01,26.5887
138.084,26.6074
138.16,26.6268
138.234,26.6457
138.31,26.6652
138.386,26.6847
138.462,26.7042
138.538,26.7236
138.615,26.743
138.691,26.7624
138.767,26.7817
138.843,26.8011
138.917,26.8198
138.99,26.8384
139.067,26.8577
139.143,26.8769
139.219,26.8962
139.295,26.9154
139.373,26.9353
139.45,26.9545
139.526,26.9737
139.6,26.9923
139.676,27.0115
139.752,27.0306
139.826,27.0492
139.899,27.0678
139.971,27.0857
140.042,27.1037
140.118,27.1228
140.192,27.1413
140.266,27.1598
140.337,27.1778
140.411,27.1963
140.485,27.2148
140.559,27.2334
140.633,27.252
140.704,27.27
140.778,27.2886
140.852,27.3073
140.925,27.3261
141.004,27.3461
141.08,27.3655
141.156,27.385
141.237,27.4058
141.313,27.4254
141.391,27.4457
141.465,27.4648
141.541,27.4848
141.617,27.5048
141.688,27.5236
141.761,27.5431
141.835,27.5627
141.906,27.5816
141.982,27.6019
142.055,27.6215
142.131,27.6418
142.21,27.6627
142.283,27.6824
142.359,27.7026
142.432,27.7222
142.511,27.7429
142.584,27.7624
142.66,27.7824
142.731,27.8011
142.807,27.821
142.881,27.8403
142.955,27.8596
143.033,27.88
143.109,27.8998
143.185,27.9196
143.263,27.9399
143.339,27.9596
143.415,27.9793
143.494,27.9996
143.57,28.0192
143.648,28.0394
143.722,28.0584
143.796,28.0773
143.872,28.0969
143.946,28.116
144.024,28.1362
144.1,28.1558
144.176,28.1755
144.254,28.1958
144.333,28.2161
144.409,28.2358
144.485,28.2555
144.561,28.2753
144.637,28.295
144.713,28.3147
144.789,28.3345
144.865,28.3543
144.941,28.374
145.017,28.3938
145.093,28.4135
145.174,28.4344
145.25,28.4541
145.328,28.4744
145.407,28.4947
145.485,28.5149
145.566,28.5359
145.644,28.5562
145.725,28.5771
145.803,28.5974
145.882,28.6177
145.96,28.6381
146.041,28.659
146.119,28.6793
146.2,28.7
146.279,28.7204
146.357,28.7407
146.438,28.7615
146.516,28.7819
146.595,28.8022
146.673,28.8226
146.751,28.843
146.832,28.8641
146.908,28.884
146.987,28.9045
147.065,28.9251
147.141,28.9452
147.217,28.9653
147.293,28.9856
147.368,29.0061
147.444,29.0268
147.52,29.0478
147.595,29.069
147.673,29.091
147.749,29.1126
147.824,29.1342
147.899,29.156
147.973,29.1773
148.048,29.1995
148.121,29.2211
148.193,29.2431
148.268,29.266
148.341,29.2884
148.416,29.3118
148.491,29.3355
148.566,29.3593
148.643,29.3841
148.717,29.4083
148.792,29.4328
148.869,29.4583
148.943,29.4835
149.017,29.509
149.089,29.5339
149.163,29.5598
149.232,29.5842
149.306,29.6103
149.378,29.6358
149.45,29.6613
149.524,29.6878
149.597,29.7145
149.671,29.7416
149.742,29.768
149.816,29.7957
149.887,29.8228
149.958,29.8502
150.028,29.8777
150.102,29.9063
150.172,29.9341
150.243,29.962
150.316,29.9908
150.389,30.0198
150.462,30.0489
150.535,30.078
150.608,30.1072
150.681,30.1364
150.754,30.1657
150.827,30.195
150.897,30.2235
150.97,30.2529
151.041,30.2814
151.111,30.31
151.182,30.3386
151.254,30.3681
151.323,30.3959
151.395,30.4255
151.468,30.4552
151.541,30.4848
151.613,30.5146
151.686,30.5444
151.756,30.5733
151.829,30.6033
151.901,30.6334
151.972,30.6627
152.044,30.6931
152.117,30.7235
152.187,30.7529
152.261,30.7844
152.334,30.8148
152.404,30.8443
152.479,30.8756
152.551,30.9059
152.624,30.9361
152.696,30.9664
152.768,30.9966
152.909,31.0551
152.914,31.057
152.986,31.0871
153.056,31.1163
153.127,31.1455
153.199,31.1755
153.272,31.2056
153.344,31.2356
153.417,31.2656
153.489,31.2956
153.562,31.3256
153.637,31.3565
153.712,31.3873
153.784,31.4172
153.857,31.4471
153.932,31.4779
154.007,31.5087
154.079,31.5385
154.154,31.5693
154.227,31.5991
154.302,31.6298
154.377,31.6605
154.452,31.6912
154.527,31.7219
154.602,31.7526
154.675,31.7823
154.752,31.814
154.824,31.8438
154.899,31.8746
154.974,31.9054
155.049,31.9362
155.124,31.9671
155.202,31.9974
155.275,32.0273
155.347,32.0572
155.422,32.0881
155.495,32.118
155.57,32.1488
155.642,32.1786
155.715,32.2084
155.792,32.24
155.865,32.2697
155.942,32.3012
156.015,32.3308
156.09,32.3614
156.165,32.392
156.24,32.4226
156.315,32.4531
156.388,32.4827
156.46,32.5123
156.533,32.5419
156.606,32.5715
156.681,32.602
156.756,32.6326
156.829,32.6623
156.904,32.6929
156.979,32.7237
157.053,32.7544
157.128,32.7852
157.201,32.8151
157.276,32.8458
157.349,32.8757
157.424,32.9066
157.496,32.9364
157.569,32.9663
157.641,32.9962
157.716,33.027
157.791,33.0577
157.866,33.0884
157.941,33.1191
158.018,33.1507
158.093,33.1813
158.168,33.2119
158.246,33.2434
158.318,33.273
158.393,33.3035
158.466,33.3331
158.541,33.3635
158.614,33.393
158.689,33.4234
158.762,33.4529
158.837,33.4832
158.91,33.5126
158.985,33.5429
159.06,33.5731
159.133,33.6024
159.21,33.6335
159.283,33.6627
159.361,33.6937
159.434,33.7227
159.511,33.7535
159.584,33.7824
159.662,33.813
159.735,33.8418
159.808,33.8706
159.881,33.8994
159.954,33.9283
160.027,33.9572
160.1,33.9861
160.173,34.0149
160.249,34.0448
160.324,34.0746
160.397,34.1035
160.472,34.1334
160.548,34.1632
160.621,34.1921
160.698,34.2228
160.771,34.2516
160.847,34.2814
160.922,34.3111
160.995,34.3399
161.068,34.3687
161.143,34.3984
161.214,34.4262
161.287,34.455
161.36,34.4837
161.433,34.5125
161.506,34.5413
161.58,34.5702
161.653,34.599
161.726,34.6279
161.799,34.6568
161.872,34.6858
161.945,34.7148
162.018,34.7439
162.09,34.7731
162.166,34.8033
162.241,34.8337
162.313,34.8633
162.386,34.8931
162.456,34.922
162.527,34.9512
162.599,34.9814
162.667,35.0099
162.739,35.0404
162.807,35.0691
162.877,35.0988
162.947,35.1286
163.015,35.1576
163.082,35.1867
163.152,35.2169
163.222,35.2473
163.291,35.2779
163.361,35.3087
163.433,35.3406
163.504,35.3728
163.574,35.4041
163.643,35.4356
163.712,35.4672
163.781,35.4991
163.85,35.5312
163.919,35.5635
163.987,35.5962
164.056,35.6291
164.124,35.6622
164.193,35.6954
164.261,35.7288
164.332,35.7633
164.4,35.7968
164.468,35.8304
164.536,35.8642
164.604,35.8982
164.672,35.9323
164.74,35.9666
164.808,36.0011
164.878,36.0369
164.945,36.0716
165.013,36.1064
165.083,36.1424
165.148,36.1762
165.216,36.2111
165.283,36.2461
165.349,36.2801
165.416,36.3154
165.483,36.3508
165.553,36.3875
165.62,36.4231
165.687,36.4588
165.754,36.4946
165.821,36.5304
165.886,36.5652
165.951,36.6
166.016,36.635
166.083,36.6712
166.148,36.7063
166.214,36.7427
166.279,36.778
166.346,36.8145
166.412,36.8512
166.479,36.888
166.548,36.9261
166.614,36.963
166.678,36.9988
166.747,37.037
166.811,37.0729
166.876,37.1088
166.942,37.1459
167.008,37.1831
167.073,37.2191
167.137,37.2551
167.201,37.2912
167.265,37.3273
167.334,37.3659
167.398,37.4021
167.462,37.4384
167.528,37.4759
167.594,37.5135
167.658,37.55
167.726,37.5889
167.79,37.6255
167.858,37.6646
167.922,37.7013
167.988,37.7394
168.052,37.7763
168.115,37.8133
168.179,37.8505
168.242,37.8877
168.306,37.9249
168.369,37.9623
168.435,38.0009
168.498,38.0384
168.564,38.0771
168.627,38.1147
168.688,38.151
168.752,38.1886
168.811,38.2237
168.872,38.2601
168.933,38.2965
168.992,38.3316
169.053,38.368
169.116,38.4057
169.178,38.4421
169.243,38.4809
169.306,38.5184
169.37,38.5559
169.431,38.592
169.495,38.6293
169.556,38.6653
169.617,38.7012
169.677,38.7358
169.736,38.7704
169.796,38.8049
169.855,38.8393
169.915,38.8737
169.974,38.9081
170.034,38.9424
170.093,38.9766
170.155,39.0121
170.214,39.0463
170.276,39.0818
170.336,39.1162
170.395,39.1506
170.455,39.185
170.514,39.2195
170.571,39.2528
170.629,39.2862
170.688,39.3209
170.747,39.3557
170.804,39.3892
170.861,39.4229
170.921,39.4578
170.98,39.4928
171.037,39.5266
171.096,39.5618
171.153,39.5957
171.212,39.6309
171.268,39.6649
171.327,39.7002
171.386,39.7355
171.443,39.7695
171.502,39.8046
171.561,39.8398
171.618,39.8736
171.677,39.9086
171.734,39.9425
171.793,39.9778
171.852,40.0131
171.911,40.0485
171.97,40.084
172.029,40.1195
172.088,40.1551
172.148,40.1919
172.21,40.2286
172.268,40.2642
172.327,40.2996
172.388,40.3362
172.449,40.3727
172.51,40.4091
172.572,40.4452
172.633,40.4812
172.694,40.517
172.758,40.5539
172.82,40.5895
172.881,40.625
172.945,40.6617
173.011,40.6995
173.077,40.7373
173.141,40.7739
173.207,40.8116
173.273,40.8493
173.337,40.8858
173.403,40.9235
173.47,40.9611
173.536,40.9987
173.602,41.0364
173.67,41.0753
173.734,41.1118
173.802,41.1507
173.868,41.1885
173.934,41.2262
174.002,41.2652
174.069,41.3029
174.135,41.3407
174.203,41.3795
174.271,41.4186
174.339,41.4575
174.405,41.4953
174.476,41.5354
174.542,41.5729
174.608,41.6102
174.677,41.6485
174.745,41.6867
174.814,41.7247
174.88,41.7614
174.949,41.7993
175.02,41.8382
175.089,41.8759
175.158,41.9136
175.227,41.9512
175.3,41.991
175.369,42.0284
175.443,42.068
175.512,42.1052
175.586,42.1447
175.655,42.1819
175.724,42.219
175.795,42.2573
175.867,42.2956
175.938,42.3338
176.01,42.3721
176.081,42.4104
176.155,42.4499
176.228,42.4894
176.304,42.5301
176.377,42.5699
176.455,42.6121
176.526,42.651
176.599,42.6912
176.67,42.7303
176.743,42.7707
176.813,42.8099
176.884,42.8493
176.953,42.8876
177.023,42.9272
177.092,42.9657
177.158,43.0031
177.226,43.0418
177.295,43.0805
177.359,43.1169
177.427,43.1558
177.493,43.1935
177.559,43.2313
177.627,43.2703
177.695,43.3094
177.763,43.3486
177.834,43.389
177.904,43.4295
177.972,43.4688
178.044,43.5106
178.112,43.5499
178.182,43.5905
178.25,43.6299
178.32,43.6705
178.388,43.7099
178.456,43.7493
178.524,43.7887
178.592,43.8282
178.66,43.8676
178.732,43.9095
178.8,43.949
178.868,43.9884
178.936,44.0279
179.003,44.0674
179.069,44.1057
179.137,44.1452
179.203,44.1835
179.271,44.223
179.337,44.2613
179.406,44.3021
179.474,44.3416
179.54,44.3799
179.606,44.4183
179.674,44.4578
179.739,44.4962
179.805,44.5345
179.873,44.5742
179.941,44.6138
180.008,44.6535
180.076,44.6931
180.14,44.7303
180.208,44.77
180.273,44.8084
180.343,44.8494
180.409,44.8879
180.476,44.9276
180.542,44.9662
180.61,45.0059
180.678,45.0457
180.747,45.0868
180.813,45.1253
180.876,45.1626
180.944,45.2025
181.012,45.2423
181.077,45.2809
181.143,45.3196
181.208,45.3583
181.274,45.397
181.339,45.4357
181.405,45.4744
181.472,45.5145
181.538,45.5533
181.608,45.5946
181.677,45.636
181.747,45.6774
181.814,45.7176
181.882,45.7577
181.949,45.7979
182.017,45.8381
182.08,45.8758
182.146,45.9147
182.211,45.9535
182.279,45.9935
182.346,46.0335
182.414,46.0735
182.483,46.1147
182.553,46.1558
182.625,46.198
182.697,46.2401
182.769,46.2821
182.839,46.3227
182.909,46.3633
182.977,46.4025
183.048,46.4429
183.116,46.4819
183.182,46.5197
183.25,46.5587
183.316,46.5963
183.384,46.6352
183.455,46.6751
183.525,46.715
183.596,46.7549
183.669,46.7959
183.741,46.8368
183.81,46.8753
183.88,46.915
183.949,46.9536
184.015,46.9911
184.083,47.0298
184.149,47.0673
184.216,47.1049
184.284,47.1438
184.35,47.1814
184.421,47.2215
184.489,47.2603
184.557,47.2991
184.627,47.3391
184.698,47.3791
184.766,47.4178
184.835,47.4566
184.903,47.4953
184.969,47.5327
185.035,47.5702
185.104,47.6088
185.172,47.6473
185.243,47.687
185.313,47.7266
185.384,47.7661
185.455,47.8056
185.528,47.8462
185.598,47.8855
185.669,47.9247
185.738,47.9627
185.809,48.0019
185.878,48.04
185.946,48.0779
186.015,48.1159
186.084,48.1538
186.155,48.193
186.224,48.231
186.294,48.2702
186.365,48.3094
186.434,48.3476
186.507,48.3882
186.575,48.4266
186.646,48.4664
186.714,48.5052
186.784,48.5454
186.854,48.5857
186.923,48.6249
186.99,48.6642
187.141,48.7516
187.201,48.7861
187.269,48.8256
187.341,48.8676
187.413,48.9096
187.485,48.9517
187.557,48.9938
187.629,49.0359
187.701,49.078
187.773,49.1202
187.843,49.1612
187.913,49.2022
187.985,49.2444
188.054,49.2855
188.126,49.3278
188.196,49.369
188.27,49.4128
188.34,49.4542
188.409,49.4958
188.478,49.5375
188.548,49.5794
188.617,49.6215
188.688,49.6651
188.755,49.7063
188.824,49.7489
188.892,49.7917
188.961,49.8347
189.376,50.1012
189.443,50.1458
189.512,50.1919
189.58,50.2371
189.649,50.2838
189.717,50.3308
189.784,50.3766
189.851,50.4225
189.92,50.4698
189.988,50.5173
190.057,50.5649
190.123,50.6112
190.189,50.6578
190.257,50.7059
190.323,50.7529
190.389,50.8002
190.456,50.8492
190.521,50.897
190.584,50.9437
190.649,50.9923
190.712,51.0396
190.776,51.0887
190.84,51.138
190.904,51.1874
190.966,51.2354
191.03,51.285
191.094,51.3348
191.158,51.3845
191.224,51.4359
191.286,51.4843
191.352,51.5357
191.415,51.5856
191.479,51.6356
191.545,51.6871
191.61,51.7386
191.676,51.7902
191.74,51.8402
191.807,51.8932
191.871,51.9432
191.939,51.9962
192.004,52.0476
192.07,52.0991
192.136,52.1505
192.203,52.2034
192.269,52.2549
192.337,52.3078
192.403,52.3592
192.468,52.4105
192.536,52.4634
192.604,52.5163
192.673,52.5707
192.739,52.6221
192.805,52.6734
192.871,52.7248
192.936,52.7761
193.006,52.8305
193.072,52.8819
193.138,52.9333
193.203,52.9847
193.273,53.0392
193.342,53.0937
193.41,53.1468
193.477,53.1999
193.541,53.2499
193.605,53.3
193.67,53.3516
193.736,53.4033
193.801,53.455
193.863,53.5036
193.925,53.5523
193.988,53.6025
194.052,53.6528
194.117,53.7045
194.179,53.7533
194.244,53.8051
194.306,53.8539
194.367,53.9027
194.433,53.9545
194.496,54.0048
194.56,54.0551
194.621,54.1039
194.683,54.1526
194.744,54.2013
194.808,54.2515
194.87,54.3001
194.931,54.3488
194.991,54.3959
195.055,54.446
195.114,54.493
195.176,54.5416
195.24,54.5916
195.3,54.6387
195.361,54.6872
195.419,54.7327
195.481,54.7812
195.842,55.065
195.901,55.1122
195.961,55.1594
196.019,55.2051
196.079,55.2523
196.138,55.2996
196.196,55.3454
196.255,55.3928
196.313,55.4388
196.37,55.4848
196.428,55.5309
196.483,55.5756
196.542,55.6233
196.598,55.668
196.653,55.7128
196.71,55.7591
196.767,55.8055
196.825,55.8519
196.88,55.8968
196.935,55.9417
196.992,55.9882
197.045,56.0316
197.102,56.0781
197.158,56.1231
197.213,56.168
197.268,56.2131
197.323,56.258
197.378,56.303
197.433,56.3479
197.487,56.3912
197.544,56.4374
197.598,56.4805
197.653,56.525
197.707,56.5679
197.76,56.6108
197.814,56.6536
197.868,56.6964
197.922,56.7392
197.975,56.7821
198.031,56.8266
198.083,56.868
198.134,56.9096
198.186,56.9512
198.237,56.9928
198.289,57.0345
198.34,57.0762
198.392,57.118
198.441,57.1582
198.493,57.2
198.544,57.2418
198.596,57.2835
198.645,57.3236
198.695,57.3636
198.745,57.4034
198.793,57.4416
198.841,57.4796
198.895,57.522
198.945,57.5612
198.997,57.6018
199.05,57.6423
199.1,57.681
199.151,57.7197
199.202,57.7582
199.257,57.7995
199.308,57.8376
199.363,57.8786
199.414,57.9164
199.466,57.9541
199.517,57.9916
199.571,58.0305
199.622,58.0677
199.676,58.1062
199.728,58.1431
199.782,58.1812
199.837,58.219
199.891,58.2567
199.945,58.294
200,58.3312
200.057,58.3694
200.112,58.4061
200.167,58.4425
200.223,58.4787
200.28,58.5161
200.338,58.5532
200.396,58.5902
200.454,58.6271
200.512,58.6637
200.57,58.7003
200.632,58.7392
200.693,58.7767
200.751,58.8128
200.814,58.8513
200.875,58.8885
200.935,58.9255
200.996,58.9624
201.367,59.1841
201.428,59.2203
201.489,59.2564
201.553,59.2936
201.617,59.3308
201.678,59.3666
201.742,59.4036
201.803,59.4393
201.867,59.4761
201.929,59.5117
201.99,59.5472
202.054,59.584
202.116,59.6194
202.18,59.6561
202.243,59.6928
202.307,59.7295
202.371,59.7661
202.435,59.8027
202.501,59.8405
202.565,59.8771
202.629,59.9138
202.693,59.9505
202.757,59.9872
202.82,60.024
202.884,60.0608
202.948,60.0977
203.014,60.1358
203.077,60.1727
203.143,60.2109
203.207,60.2478
203.27,60.2848
203.336,60.3231
203.4,60.3601
203.466,60.3984
203.529,60.4355
203.593,60.4726
203.656,60.5096
203.724,60.5489
203.792,60.5882
203.858,60.6261
203.924,60.6639
203.993,60.7029
204.061,60.742
204.129,60.781
204.197,60.82
204.263,60.8578
204.329,60.8956
204.395,60.9334
204.461,60.9712
204.529,61.0103
204.597,61.0495
204.665,61.0887
204.733,61.1281
204.801,61.1674
204.869,61.2069
204.935,61.2451
205.003,61.2846
205.069,61.323
205.136,61.3626
205.2,61.3997
205.264,61.4369
205.331,61.4766
205.395,61.5138
205.465,61.5547
205.53,61.5932
205.596,61.6317
205.664,61.6715
205.73,61.71
205.8,61.7511
205.865,61.7896
205.929,61.8268
205.999,61.8678
206.064,61.9063
206.132,61.946
206.196,61.9832
206.264,62.0228
206.331,62.0625
206.397,62.1009
206.463,62.1393
206.528,62.1777
206.594,62.216
206.66,62.2544
206.724,62.2914
206.789,62.3297
206.857,62.3692
206.921,62.4062
206.987,62.4444
207.052,62.4827
207.118,62.5211
207.182,62.5583
207.245,62.5957
207.31,62.6346
207.374,62.6722
207.439,62.7112
207.502,62.749
207.889,62.9819
207.954,63.0212
208.017,63.0594
208.082,63.0988
208.145,63.1369
208.208,63.1751
208.271,63.2133
208.334,63.2515
208.397,63.2897
208.458,63.3268
208.52,63.3652
208.585,63.4051
208.648,63.4438
208.713,63.4839
208.775,63.5228
208.835,63.5606
208.9,63.6011
208.962,63.6404
209.024,63.6799
209.086,63.7195
209.144,63.7565
209.208,63.7975
209.27,63.8373
209.334,63.8784
209.396,63.9182
209.46,63.9595
209.524,64.0009
209.587,64.0424
209.653,64.0854
209.715,64.1257
209.778,64.1675
209.84,64.2079
209.901,64.2485
209.965,64.2904
210.028,64.3324
210.09,64.3731
210.155,64.4165
210.216,64.4573
210.282,64.5008
210.347,64.5444
210.408,64.5854
210.473,64.6292
210.534,64.6704
210.599,64.7146
210.66,64.7562
210.72,64.798
210.781,64.84
210.841,64.8822
210.905,64.9275
210.965,64.9701
211.025,65.0129
211.084,65.0559
211.144,65.0992
211.207,65.1455
211.267,65.1891
211.324,65.2312
211.383,65.2749
211.442,65.3186
211.502,65.3624
211.561,65.4063
211.616,65.4473
211.675,65.4912
211.732,65.5338
211.791,65.5779
211.848,65.6207
211.905,65.6636
211.961,65.7066
212.018,65.7497
212.073,65.7913
212.131,65.836
212.186,65.8777
212.242,65.921
212.299,65.9643
212.355,66.0077
212.412,66.0511
212.466,66.093
212.52,66.1349
212.575,66.1769
212.631,66.2204
212.688,66.2638
212.744,66.3074
212.8,66.351
212.854,66.3931
212.909,66.4353
212.965,66.479
213.019,66.5213
213.075,66.5651
213.129,66.6074
213.183,66.6498
213.241,66.6952
213.295,66.7375
213.349,66.78
213.403,66.8225
213.457,66.8649
213.513,66.909
213.835,67.1631
213.889,67.2058
213.943,67.2485
213.996,67.2913
214.052,67.3356
214.106,67.3786
214.159,67.4216
214.213,67.4647
214.266,67.5078
214.322,67.5526
214.375,67.5958
214.428,67.6392
214.48,67.6809
214.535,67.7258
214.59,67.7708
214.642,67.8126
214.697,67.8575
214.748,67.8993
214.8,67.9408
214.853,67.9838
214.905,68.025
214.957,68.0661
215.007,68.1056
215.059,68.1463
215.111,68.187
215.162,68.226
215.214,68.2665
215.265,68.3053
215.319,68.3472
215.374,68.389
215.427,68.4292
215.479,68.4694
215.532,68.5096
215.587,68.5513
215.641,68.5929
215.694,68.633
215.749,68.6746
215.802,68.7147
215.854,68.7547
215.909,68.7963
215.962,68.8363
216.019,68.8794
216.071,68.9194
216.124,68.9594
216.179,69.0009
216.234,69.0424
216.289,69.0838
216.343,69.1252
216.396,69.1651
216.451,69.2064
216.504,69.2461
216.559,69.2873
216.612,69.3269
216.666,69.3664
216.721,69.4073
216.774,69.4465
216.832,69.4885
216.883,69.5259
216.939,69.566
216.995,69.6059
217.051,69.6457
217.107,69.6853
217.163,69.7248
217.219,69.764
217.276,69.803
217.33,69.8403
217.385,69.8774
217.513,69.963
217.556,69.9912
217.612,70.0274
217.671,70.066
217.729,70.1031
217.787,70.14
217.847,70.1782
217.905,70.2149
217.965,70.2527
218.024,70.2892
218.082,70.3256
218.144,70.3645
218.203,70.4007
218.265,70.4395
218.326,70.4768
218.389,70.5154
218.451,70.5539
218.514,70.5924
218.577,70.6308
218.638,70.6679
218.701,70.7062
218.766,70.7457
218.827,70.7826
218.889,70.8208
218.948,70.8564
219.011,70.8945
219.074,70.9326
219.135,70.9694
219.2,71.0088
219.263,71.0468
219.329,71.086
219.394,71.1252
219.459,71.1644
219.526,71.2048
219.592,71.2439
219.655,71.2818
219.722,71.3221
219.787,71.3612
219.853,71.4002
219.918,71.4393
219.988,71.4808
220.055,71.5211
220.122,71.5613
220.194,71.6041
220.261,71.6444
220.329,71.6846
220.4,71.7274
220.466,71.7664
220.533,71.8067
220.603,71.8483
220.67,71.8886
220.74,71.9302
220.809,71.9718
220.881,72.0147
220.948,72.055
221.02,72.0979
221.091,72.1408
221.159,72.1813
221.23,72.2243
221.299,72.266
221.369,72.3078
221.44,72.3509
221.508,72.3914
221.579,72.4346
221.646,72.4752
221.716,72.517
221.787,72.5602
221.856,72.6021
221.928,72.6453
221.999,72.6886
222.068,72.7306
222.138,72.7727
222.207,72.8147
222.278,72.8581
222.347,72.9002
222.414,72.9409
222.486,72.9843
222.555,73.0263
222.624,73.0684
222.693,73.1104
222.763,73.1524
222.834,73.1956
222.901,73.2362
222.973,73.2794
223.042,73.3213
223.111,73.3631
223.179,73.4036
223.25,73.4467
223.317,73.4872
223.387,73.5289
223.456,73.5707
223.526,73.6124
223.595,73.654
223.663,73.6944
223.734,73.7373
223.804,73.779
223.873,73.8206
223.943,73.8621
224.012,73.9037
224.08,73.9439
224.149,73.9854
224.219,74.0269
224.286,74.067
224.354,74.1072
224.421,74.1473
224.489,74.1874
224.558,74.2287
224.626,74.2688
224.696,74.3101
224.765,74.3513
224.835,74.3926
224.905,74.4338
224.974,74.475
225.044,74.5162
225.117,74.557
225.184,74.597
225.254,74.6382
225.324,74.6794
225.391,74.7195
225.461,74.7609
225.531,74.8024
225.6,74.844
225.669,74.8856
225.741,74.9285
225.81,74.9702
225.88,75.012
225.949,75.0536
226.016,75.094
226.086,75.1358
226.152,75.1749
226.219,75.2152
226.289,75.2564
226.356,75.2969
226.426,75.3385
226.495,75.3803
226.562,75.4208
226.631,75.4625
226.701,75.5042
226.768,75.5444
226.836,75.5848
226.903,75.6253
226.97,75.6657
227.038,75.7061
227.105,75.7464
227.172,75.7869
227.242,75.8286
227.311,75.8702
227.38,75.9107
227.447,75.951
227.517,75.9927
227.586,76.0344
227.654,76.0748
227.721,76.1153
227.788,76.1557
227.856,76.1963
227.923,76.2368
227.99,76.2774
228.059,76.3192
228.127,76.3599
228.196,76.4018
228.263,76.4425
228.33,76.4832
228.399,76.5253
228.469,76.5673
228.536,76.6081
228.603,76.649
228.67,76.6898
228.739,76.7318
228.808,76.7738
228.876,76.8144
228.943,76.8549
229.012,76.8967
229.08,76.9371
229.149,76.9788
229.214,77.0179
229.282,77.0583
229.349,77.0986
229.417,77.1389
229.482,77.1779
229.549,77.2182
229.615,77.2573
229.68,77.2963
229.747,77.3366
229.813,77.3757
229.878,77.4148
229.943,77.4539
230.008,77.493
230.074,77.5322
230.139,77.5714
230.206,77.6119
230.271,77.6512
230.336,77.6904
230.404,77.731
230.469,77.7703
230.534,77.8097
230.601,77.8504
230.664,77.8885
230.729,77.9278
230.794,77.9673
230.857,78.0054
230.924,78.0461
230.99,78.0854
231.055,78.1248
231.122,78.1655
231.189,78.2062
231.254,78.2455
231.319,78.2849
231.384,78.3242
231.448,78.3623
231.508,78.399
231.572,78.437
231.635,78.4749
231.698,78.5128
231.761,78.5507
231.824,78.5885
231.889,78.6276
231.955,78.6666
232.02,78.7056
232.085,78.7445
232.149,78.7821
232.214,78.821
232.277,78.8586
232.343,78.8975
232.404,78.9339
232.467,78.9717
232.53,79.0095
232.596,79.0485
232.661,79.0877
232.726,79.1268
232.791,79.166
232.857,79.2052
232.922,79.2445
232.987,79.2837
233.052,79.323
233.115,79.3611
233.18,79.4004
233.245,79.4397
233.31,79.4791
233.373,79.5173
233.439,79.5567
233.504,79.5962
233.566,79.6343
233.634,79.6751
233.699,79.7144
233.764,79.7537
233.831,79.7942
233.896,79.8332
233.962,79.8722
234.027,79.9112
234.092,79.9501
234.156,79.9878
234.223,80.0281
234.288,80.067
234.354,80.106
234.421,80.1462
234.487,80.1852
234.552,80.2243
234.619,80.2646
234.684,80.3037
234.75,80.3428
234.817,80.3831
234.885,80.4234
234.95,80.4625
235.015,80.5015
235.083,80.5418
235.15,80.5821
235.217,80.6224
235.283,80.6614
235.348,80.7005
235.415,80.7409
235.483,80.7812
235.548,80.8203
235.613,80.8594
235.679,80.8986
235.744,80.9378
235.811,80.9782
235.876,81.0173
235.941,81.0566
236.009,81.097
236.074,81.1362
236.141,81.1767
236.206,81.216
236.274,81.2567
236.337,81.2948
236.404,81.3354
236.467,81.3735
236.536,81.4154
236.601,81.4547
236.671,81.4966
236.738,81.5371
236.807,81.579
236.875,81.6196
236.942,81.6601
237.009,81.7007
237.074,81.7399
237.139,81.7792
237.205,81.8184
237.27,81.8576
237.333,81.8955
237.4,81.9359
237.468,81.9763
237.535,82.0166
237.6,82.0557
237.668,82.0963
237.735,82.1366
237.803,82.1769
237.872,82.2185
237.939,82.2588
238.007,82.2992
238.074,82.3396
238.14,82.3787
238.207,82.419
238.272,82.4581
238.34,82.4984
238.407,82.5387
238.475,82.5791
238.542,82.6194
238.609,82.6597
238.673,82.6974
238.736,82.7352
238.803,82.7755
238.871,82.8158
238.932,82.8523
238.997,82.8914
239.06,82.9293
239.123,82.9671
239.191,83.0075
239.254,83.0454
239.317,83.0832
239.38,83.1211
239.445,83.1603
239.511,83.1995
239.574,83.2374
239.637,83.2755
239.7,83.3136
239.765,83.3531
239.83,83.3927
239.893,83.431
239.955,83.4693
240.022,83.5103
240.085,83.5487
240.15,83.5884
240.213,83.6269
240.278,83.6667
240.341,83.7051
240.405,83.7447
240.47,83.7843
240.533,83.8225
240.596,83.8606
240.661,83.8999
240.727,83.9393
240.792,83.9785
240.855,84.0165
240.918,84.0545
240.981,84.0924
241.044,84.1303
241.108,84.1691
241.172,84.2071
241.235,84.245
241.298,84.2829
241.361,84.3209
241.431,84.3619
241.494,84.3998
241.56,84.439
241.625,84.4781
241.69,84.5171
241.755,84.5563
241.82,84.5955
241.883,84.6335
241.949,84.6727
242.012,84.7107
242.077,84.7499
242.14,84.7879
242.205,84.8272
242.27,84.8665
242.335,84.9058
242.401,84.9452
242.466,84.9845
242.531,85.0239
242.596,85.0632
242.659,85.1013
242.722,85.1393
242.787,85.1785
242.852,85.2175
242.916,85.2552
242.979,85.2927
243.047,85.3326
243.11,85.3699
243.178,85.4096
243.241,85.4466
243.309,85.4861
243.375,85.5241
243.441,85.562
243.507,85.5997
243.573,85.6372
243.64,85.6745
243.706,85.7116
243.775,85.7497
243.839,85.7853
243.906,85.822
243.972,85.8584
244.041,85.896
244.11,85.9334
244.177,85.9695
244.244,86.0054
244.311,86.0411
244.379,86.0767
244.448,86.1132
244.515,86.1484
244.583,86.1833
244.653,86.2192
244.72,86.2536
244.788,86.2878
244.856,86.3217
244.924,86.3554
244.995,86.3898
245.063,86.4229
245.132,86.4554
245.2,86.4876
245.269,86.5194
245.336,86.5498
245.408,86.5821
245.477,86.6131
245.547,86.6439
245.614,86.6736
245.684,86.7041
245.753,86.7345
245.821,86.7638
245.891,86.794
245.958,86.8232
246.026,86.8526
246.096,86.8829
246.163,86.9123
246.23,86.9419
246.298,86.9716
246.365,87.0013
246.433,87.031
246.5,87.0605
246.567,87.0899
246.633,87.1183
246.698,87.1467
246.763,87.175
246.829,87.2032
246.894,87.2314
246.959,87.2596
247.023,87.2867
247.09,87.3159
247.156,87.344
247.221,87.3722
247.288,87.4013
247.354,87.4295
247.419,87.4577
247.487,87.4868
247.55,87.5141
247.615,87.5423
247.683,87.5716
247.748,87.5999
247.813,87.6283
247.874,87.6548
247.939,87.6833
248.005,87.7118
248.072,87.7413
248.137,87.7699
248.202,87.7984
248.268,87.827
248.33,87.8546
248.396,87.8833
248.459,87.9109
248.521,87.9386
248.587,87.9673
248.649,87.995
248.712,88.0227
248.777,88.0515
248.843,88.0802
248.908,88.1089
248.975,88.1386
249.04,88.1673
249.105,88.196
249.173,88.2256
249.236,88.2533
249.301,88.2819
249.366,88.3106
249.431,88.3392
249.501,88.3697
249.566,88.3983
249.631,88.4269
249.699,88.4565
249.768,88.487
249.836,88.5166
249.901,88.5451
249.968,88.5747
250.036,88.6042
250.101,88.6328
250.166,88.6613
250.234,88.6908
250.301,88.7202
250.367,88.7487
250.434,88.7786
250.501,88.808
250.652,88.8739
250.706,88.8975
250.774,88.9269
250.841,88.9574
250.909,88.9868
250.976,89.0163
251.046,89.0467
251.114,89.0761
251.181,89.1056
251.251,89.1359
251.318,89.1654
251.386,89.1948
251.453,89.2243
251.523,89.2547
251.593,89.2851
251.66,89.3146
251.728,89.344
251.795,89.3735
251.863,89.4031
251.93,89.4327
251.997,89.4623
252.065,89.492
252.132,89.5217
252.202,89.5525
252.271,89.5833
252.341,89.6141
252.41,89.645
252.48,89.6759
252.55,89.7067
252.619,89.7376
252.689,89.7685
252.758,89.7993
252.828,89.8301
252.897,89.8608
252.967,89.8915
253.037,89.9222
253.108,89.9539
253.18,89.9856
253.25,90.0162
253.322,90.0478
253.396,90.0804
253.468,90.112
253.54,90.1435
253.609,90.1741
253.681,90.2056
253.756,90.238
253.83,90.2705
253.902,90.3019
253.974,90.3334
254.05,90.3668
254.122,90.3982
254.199,90.4316
254.273,90.464
254.347,90.4963
254.421,90.5287
254.496,90.5615
254.568,90.5929
254.642,90.6252
254.716,90.6576
254.788,90.6891
254.862,90.7215
254.937,90.7539
255.011,90.7863
255.085,90.8188
255.162,90.8521
255.234,90.8885
255.308,90.921
255.383,90.9533
255.457,90.9856
255.531,91.0179
255.603,91.0495
255.678,91.0818
255.754,91.1151
255.831,91.1485
255.905,91.1809
255.979,91.2132
256.053,91.2456
256.128,91.2779
256.202,91.3102
256.276,91.3426
256.35,91.3749
256.425,91.4072
256.497,91.4385
256.569,91.4698
256.641,91.5012
256.713,91.5325
256.789,91.5658
256.861,91.5971
256.933,91.6284
257.008,91.6607
257.082,91.693
257.154,91.7244
257.228,91.7568
257.302,91.7893
257.374,91.8208
257.446,91.8523
257.518,91.8839
257.592,91.9164
257.664,91.9479
257.738,91.9804
257.81,92.012
257.887,92.0455
257.959,92.077
258.033,92.1095
258.107,92.142
258.181,92.1744
258.255,92.2068
258.327,92.2382
258.404,92.2716
258.476,92.3029
258.548,92.3342
258.618,92.3645
258.692,92.3968
258.76,92.4261
258.832,92.4573
258.904,92.4885
258.976,92.5197
259.046,92.5499
259.115,92.5801
259.183,92.6093
259.253,92.6394
259.323,92.6696
259.393,92.6997
259.462,92.7298
259.53,92.759
259.598,92.7881
259.668,92.8183
259.735,92.8476
259.805,92.8778
259.875,92.9081
259.944,92.9385
260.014,92.969
260.084,92.9995
260.153,93.0301
260.223,93.0608
260.293,93.0914
260.362,93.1221
260.43,93.1518
260.497,93.1815
260.564,93.2113
260.632,93.241
260.699,93.2707
260.767,93.3003
260.836,93.331
260.906,93.3616
260.973,93.3912
261.041,93.4208
261.11,93.4513
261.178,93.4809
261.245,93.5104
261.313,93.5399
261.38,93.5694
261.45,93.5999
261.517,93.6293
261.585,93.6588
261.652,93.6882
261.722,93.7186
261.792,93.749
261.859,93.7784
261.929,93.8088
261.999,93.8392
262.066,93.8687
262.136,93.8993
262.206,93.93
262.273,93.9599
262.342,93.991
262.412,94.0222
262.483,94.0546
262.55,94.0851
262.621,94.118
262.688,94.149
262.759,94.1823
262.825,94.2138
262.896,94.2477
262.962,94.2798
263.033,94.3144
263.101,94.3481
263.169,94.3821
263.236,94.4165
263.304,94.4511
263.371,94.486
263.439,94.5212
263.508,94.5578
263.575,94.5936
263.644,94.6309
263.711,94.6673
263.779,94.7053
263.847,94.7436
263.916,94.7823
263.984,94.8213
264.052,94.8605
264.12,94.8999
264.188,94.9392
264.256,94.9786
264.323,95.0181
264.391,95.0577
264.457,95.0961
264.525,95.1357
264.59,95.1741
264.658,95.2139
264.726,95.2536
264.794,95.2934
264.861,95.3333
264.929,95.3732
264.997,95.4131
265.064,95.4531
265.136,95.4957
265.203,95.5358
265.271,95.5759
265.336,95.6149
265.404,95.6551
265.473,95.6967
265.541,95.737
265.608,95.7775
265.675,95.8179
265.743,95.8584
265.812,95.9002
265.881,95.9421
265.949,95.9828
266.018,96.0247
266.087,96.0667
266.154,96.1075
266.221,96.1483
266.289,96.1891
266.356,96.2298
266.424,96.2703
266.493,96.3124
266.563,96.3546
266.632,96.3967
266.701,96.4389
266.771,96.4808
266.842,96.5243
266.911,96.5661
266.981,96.6081
267.052,96.6513
267.121,96.6934
267.191,96.7355
267.262,96.7789
267.334,96.8211
267.403,96.8632
267.474,96.9064
267.546,96.9496
267.617,96.9928
267.687,97.0365
267.761,97.081
267.832,97.1243
267.903,97.1676
267.979,97.2146
268.049,97.2566
268.116,97.2974
268.188,97.3411
268.258,97.3849
268.327,97.4268
268.394,97.4673
268.461,97.5084
268.53,97.5504
268.598,97.5913
268.665,97.6327
268.733,97.6732
268.799,97.7142
268.867,97.7547
268.934,97.7958
268.998,97.8349
269.066,97.8759
269.13,97.9152
269.198,97.956
269.262,97.9952
269.329,98.0356
269.394,98.0749
269.462,98.1156
269.529,98.1568
269.597,98.1963
269.664,98.2372
269.73,98.2773
269.797,98.3183
269.865,98.3592
269.932,98.3998
269.999,98.4402
270.063,98.4811
270.128,98.5198
270.199,98.5639
270.266,98.6045
270.334,98.6464
270.401,98.6873
270.472,98.7312
270.539,98.7724
270.606,98.8126
270.673,98.8533
270.74,98.8942
270.811,98.9338
270.878,98.9747
270.945,99.0152
271.012,99.0559
271.08,99.0977
271.15,99.1408
271.22,99.1827
271.289,99.2246
271.358,99.2669
271.428,99.3095
271.498,99.3517
271.567,99.3939
271.637,99.4346
271.706,99.4761
271.775,99.5187
271.842,99.559
271.912,99.6018
271.982,99.6431
272.053,99.6863
272.122,99.7285
272.193,99.7718
272.267,99.8138
272.339,99.8572
272.408,99.8994
272.482,99.9434
272.554,99.9842
272.624,100.026
272.698,100.073
272.77,100.118
272.839,100.16
272.909,100.202
272.977,100.243
273.049,100.288
273.119,100.33
273.19,100.373
273.257,100.414
273.329,100.457
273.398,100.5
273.47,100.536
273.538,100.577
273.604,100.618
273.676,100.662
273.743,100.702
273.81,100.742
273.875,100.782
273.942,100.823
274.01,100.863
274.077,100.904
274.146,100.946
274.211,100.986
274.278,101.026
274.338,101.068
274.405,101.109
274.47,101.148
274.535,101.188
274.6,101.227
274.665,101.266
274.729,101.306
274.793,101.344
274.857,101.383
274.919,101.42
274.982,101.458
275.046,101.497
275.109,101.535
275.173,101.574
275.236,101.613
275.299,101.651
275.362,101.689
275.425,101.727
275.488,101.765
275.552,101.805
275.614,101.843
275.68,101.883
275.74,101.919
275.804,101.958
275.866,101.996
275.929,102.034
275.992,102.072
276.056,102.11
276.118,102.148
276.18,102.186
276.243,102.224
276.306,102.262
276.37,102.301
276.433,102.339
276.498,102.379
276.562,102.417
276.625,102.456
276.688,102.494
276.751,102.534
276.816,102.573
276.881,102.612
276.948,102.652
277.011,102.691
277.073,102.735
277.136,102.773
277.201,102.812
277.266,102.852
277.33,102.89
277.392,102.928
277.458,102.967
277.523,103.007
277.586,103.045
277.651,103.084
277.716,103.124
277.786,103.163
277.851,103.203
277.915,103.242
277.983,103.283
278.048,103.322
278.112,103.362
278.178,103.402
278.244,103.442
278.311,103.482
278.376,103.522
278.443,103.563
278.511,103.603
278.579,103.644
278.644,103.683
278.711,103.724
278.778,103.764
278.843,103.803
278.91,103.844
278.977,103.885
279.042,103.925
279.107,103.963
279.173,104.004
279.241,104.045
279.306,104.084
279.371,104.124
279.439,104.165
279.506,104.205
279.573,104.246
279.638,104.286
279.705,104.326
279.772,104.367
279.838,104.406
279.905,104.447
279.972,104.488
280.037,104.527
280.102,104.567
280.169,104.608
280.239,104.647
280.304,104.687
280.369,104.726
280.436,104.767
280.501,104.806
280.566,104.845
280.631,104.885
280.698,104.925
280.761,104.964
280.829,105.003
280.894,105.043
280.959,105.082
281.016,105.116
281.079,105.155
281.138,105.192
281.197,105.227
281.255,105.263
281.314,105.299
281.377,105.337
281.436,105.372
281.497,105.409
281.558,105.446
281.62,105.485
281.681,105.522
281.739,105.557
281.8,105.595
281.859,105.63
281.916,105.665
281.975,105.7
282.034,105.736
282.092,105.771
282.149,105.806
282.211,105.844
282.267,105.879
282.327,105.914
282.387,105.951
282.447,105.987
282.506,106.023
282.564,106.058
282.623,106.094
282.68,106.128
282.737,106.162
282.793,106.197
282.85,106.231
282.904,106.264
282.959,106.297
283.018,106.332
283.072,106.369
283.129,106.403
283.185,106.437
283.242,106.471
283.299,106.505
283.358,106.54
283.412,106.573
283.471,106.609
283.528,106.643
283.585,106.677
283.644,106.713
283.703,106.749
283.761,106.784
283.82,106.82
283.882,106.859
283.945,106.897
284.008,106.935
284.071,106.973
284.136,107.012
284.197,107.049
284.259,107.087
284.39,107.166
284.449,107.201
284.511,107.24
284.569,107.281
284.631,107.319
284.696,107.358
284.761,107.397
284.824,107.436
284.891,107.476
284.949,107.517
285.014,107.556
285.08,107.596
285.142,107.635
285.205,107.672
285.269,107.71
285.331,107.749
285.394,107.787
285.457,107.825
285.52,107.863
285.588,107.904
285.651,107.942
285.712,107.979
285.778,108.019
285.841,108.057
285.906,108.096
285.969,108.135
286.033,108.173
286.095,108.211
286.158,108.249
286.223,108.288
286.287,108.326
286.35,108.365
286.413,108.403
286.476,108.441
286.539,108.479
286.6,108.516
286.663,108.554
286.722,108.59
286.781,108.624
286.842,108.662
286.901,108.697
286.962,108.734
287.02,108.769
287.078,108.805
287.142,108.841
287.203,108.878
287.262,108.913
287.322,108.951
287.381,108.986
287.44,109.021
287.501,109.059
287.555,109.097
287.613,109.133
287.672,109.168
287.731,109.204
287.79,109.239
287.85,109.276
287.911,109.313
287.97,109.348
288.031,109.385
288.092,109.422
288.151,109.457
288.212,109.495
288.271,109.53
288.328,109.565
288.388,109.601
288.447,109.637
288.507,109.674
288.566,109.71
288.624,109.745
288.683,109.781
288.745,109.818
288.806,109.855
288.864,109.89
288.923,109.925
288.984,109.962
289.043,109.998
289.102,110.033
289.161,110.069
289.217,110.103
289.276,110.138
289.335,110.174
289.396,110.211
289.455,110.246
289.516,110.283
289.575,110.318
289.635,110.355
289.696,110.392
289.755,110.428
289.814,110.463
289.875,110.5
289.935,110.536
289.994,110.572
290.055,110.608
290.116,110.645
290.174,110.682
290.235,110.719
290.296,110.755
290.355,110.792
290.419,110.829
290.477,110.865
290.54,110.904
290.599,110.939
290.663,110.977
290.724,111.014
290.785,111.051
290.844,111.086
290.902,111.122
